City_ID,City,Lat,Lng,Max Temp,Humidity,Cloudiness,Wind Speed,Country,Date
0,olonkinbyen,70.9221,-8.7187,-1.7,90,100,4.71,SJ,1710266354
1,adamstown,-25.066,-130.1015,25.29,77,89,2.25,PN,1710266910
2,bereket,39.2446,55.5154,10.02,48,32,2.27,TM,1710266911
3,dudinka,69.4058,86.1778,-22.96,97,100,9.83,RU,1710266911
4,mason,39.3601,-84.3099,19.05,40,35,3.58,US,1710266737
5,san patricio,28.017,-97.5169,26.92,57,98,6.13,US,1710266912
6,ciudad bolivar,8.1222,-63.5497,38.35,24,61,4.4,VE,1710266913
7,port-aux-francais,-49.35,70.2167,5.27,73,33,16.63,TF,1710266913
8,bethel,41.3712,-73.414,16.12,40,0,5.14,US,1710266704
9,nar'yan-mar,67.6713,53.087,-2.16,95,100,10.28,RU,1710266914
10,waitangi,-43.9535,-176.5597,13.79,80,100,0.45,NZ,1710266915
11,nemuro,43.3236,145.575,-1.81,87,100,11.64,JP,1710266915
12,saipan,15.1355,145.701,26.39,83,40,4.12,MP,1710266916
13,albany,42.6001,-73.9662,13.35,35,3,2.24,US,1710266738
14,mil'kovo,55.6078,37.7956,0.22,67,100,1.28,RU,1710266917
15,margate,51.3813,1.3862,12.15,93,100,3.58,GB,1710266828
16,sisimiut,66.9395,-53.6735,-9.7,89,100,2.4,GL,1710266917
17,callao,-12.0667,-77.15,26.16,61,0,4.12,PE,1710266918
18,xilin hot,43.9667,116.0333,-5.68,64,68,1.31,CN,1710266918
19,qaqortoq,60.7167,-46.0333,-3.36,86,7,1.24,GL,1710266918
20,iqaluit,63.7506,-68.5145,-17.45,68,0,0.93,CA,1710266919
21,thompson,55.7435,-97.8558,-1.43,94,100,3.92,CA,1710266919
22,aasiaat,68.7098,-52.8699,-13.34,87,100,0.97,GL,1710266920
23,chibougamau,49.9168,-74.3659,-3.23,86,100,3.09,CA,1710266920
24,edinburgh of the seven seas,-37.0676,-12.3116,16.38,67,100,4.39,SH,1710266921
25,xining,36.6167,101.7667,1.27,43,80,1.14,CN,1710266921
26,obihiro,42.9172,143.2044,-2.23,78,100,4.7,JP,1710266921
27,punta arenas,-53.15,-70.9167,11.06,58,75,6.17,CL,1710266921
28,grytviken,-54.2811,-36.5092,5.69,80,59,3.62,GS,1710266922
29,ishigaki,24.3448,124.1572,18.89,63,0,10.76,JP,1710266922
30,pacific grove,36.6177,-121.9166,15.36,82,100,4.92,US,1710266851
31,katsuura,35.1333,140.3,7.46,83,99,6.38,JP,1710266923
32,saskatoon,52.1168,-106.6345,-5.01,93,100,3.09,CA,1710266860
33,daru,-9.0763,143.2092,25.4,86,100,6.77,PG,1710266924
34,puerto natales,-51.7236,-72.4875,14.25,38,75,12.86,CL,1710266889
35,papatowai,-46.5619,169.4708,9.81,64,5,6.44,NZ,1710266925
36,ushuaia,-54.8,-68.3,11.79,86,99,2.15,AR,1710266846
37,nyurba,63.2842,118.3319,-23.61,100,91,1.18,RU,1710266926
38,avarua,-21.2078,-159.775,26.03,83,75,4.63,CK,1710266927
39,hadibu,12.65,54.0333,26.59,77,20,3.55,YE,1710266927
40,trairi,-3.2778,-39.2689,29.74,69,59,3.43,BR,1710266928
41,north bay,46.3168,-79.4663,6.95,50,65,2.06,CA,1710266437
42,ust-nera,64.5667,143.2,-32.05,98,56,1.45,RU,1710266929
43,okha,53.5739,142.9478,-23.02,100,86,2.4,RU,1710266714
44,palasa,18.7667,84.4167,26.24,79,9,4.35,IN,1710266929
45,tolanaro,-25.0319,46.9987,25.59,90,32,5.52,MG,1710266930
46,jamestown,42.097,-79.2353,15.85,49,0,5.14,US,1710266560
47,whakatane,-37.9585,176.9854,16.4,99,91,2.29,NZ,1710266931
48,waddan,29.1614,16.139,21.36,28,56,5.69,LY,1710266932
49,yellowknife,62.456,-114.3525,-11.44,96,100,7.2,CA,1710266932
50,wailua homesteads,22.0669,-159.378,22.64,85,75,5.66,US,1710266933
51,west island,-12.1568,96.8225,25.99,83,40,4.63,CC,1710266933
52,utrik,11.2278,169.8474,26.41,77,100,11.03,MH,1710266934
53,kaoma,-14.7833,24.8,20.59,78,78,2.45,ZM,1710266934
54,sur,22.5667,59.5289,25.19,74,51,3.84,OM,1710266934
55,ilulissat,69.2167,-51.1,-13.85,91,100,1.26,GL,1710266935
56,salinopolis,-0.6136,-47.3561,28.29,79,59,4.53,BR,1710266935
57,vorgashor,67.5833,63.95,-13.32,94,100,11.42,RU,1710266936
58,bartlett,35.2045,-89.874,21.79,31,0,5.14,US,1710266936
59,port alfred,-33.5906,26.891,22.32,90,58,2.68,ZA,1710266937
60,margaret river,-33.95,115.0667,17.3,78,15,4.47,AU,1710266863
61,abilene,32.4487,-99.7331,22.27,63,0,8.23,US,1710266709
62,trinity beach,-16.7888,145.6968,23.92,99,32,3.27,AU,1710266938
63,holbrook,40.8123,-73.0784,16.21,40,20,8.75,US,1710266939
64,fort bragg,35.139,-79.006,22.12,20,0,3.6,US,1710266939
65,saint-pierre,-21.3393,55.4781,26.38,79,21,5.27,RE,1710266940
66,bichura,50.5881,107.6022,-7.88,94,88,1.45,RU,1710266940
67,nouadhibou,20.931,-17.0347,22.99,60,0,7.72,MR,1710266940
68,berdigestyakh,62.0989,126.6992,-10.82,94,100,3.21,RU,1710266941
69,blackmans bay,-43.0167,147.3167,10.29,81,59,1.05,AU,1710266942
70,newman,37.3138,-121.0208,14.13,78,96,1.79,US,1710266942
71,olyokminsk,60.3736,120.4264,-19.67,100,81,1.01,RU,1710266943
72,hilmar-irwin,37.4045,-120.8504,14.12,82,98,2.28,US,1710266943
73,tsiombe,-25.3,45.4833,25.94,82,100,2.84,MG,1710266944
74,la passe,45.5549,-0.8967,14.13,94,100,3.05,FR,1710266945
75,okhotsk,59.3833,143.3,-21.33,88,77,3.86,RU,1710266945
76,klyuchi,52.2667,79.1667,-6.0,95,100,5.23,RU,1710266945
77,hammerfest,70.6634,23.6821,-4.75,68,75,5.66,NO,1710266945
78,port-gentil,-0.7193,8.7815,28.72,81,100,4.49,GA,1710266946
79,libertad,8.9442,125.5019,23.02,95,94,1.79,PH,1710266947
80,isangel,-19.55,169.2667,26.46,93,100,4.58,VU,1710266947
81,tomatlan,19.9333,-105.25,31.92,30,27,3.51,MX,1710266948
82,hawaiian paradise park,19.5933,-154.9731,21.69,97,40,3.09,US,1710266948
83,chom thong,18.4174,98.6743,23.89,51,11,2.14,TH,1710266949
84,dhidhdhoo,6.8833,73.1,27.97,75,4,2.0,MV,1710266949
85,sungai raya,0.7,108.9,25.63,88,100,3.82,ID,1710266951
86,bonadelle ranchos-madera ranchos,36.9847,-119.8746,16.56,71,100,1.02,US,1710266952
87,port macquarie,-31.4333,152.9167,16.61,83,39,1.7,AU,1710266952
88,wotho,10.1657,166.0102,26.34,83,100,10.88,MH,1710266952
89,petropavlovsk-kamchatsky,53.0452,158.6483,-15.3,92,54,6.71,RU,1710266953
90,al minya,28.1099,30.7503,21.49,18,0,3.45,EG,1710266953
91,maragogi,-9.0122,-35.2225,30.16,66,100,4.42,BR,1710266954
92,mombetsu,44.3525,143.3525,-4.1,79,98,4.88,JP,1710266656
93,vadso,70.0744,29.7487,-5.51,68,75,5.14,NO,1710266955
94,anadyr,64.75,177.4833,-30.62,100,46,1.81,RU,1710266949
95,shimoda,34.6667,138.95,5.61,87,98,3.02,JP,1710266956
96,port mathurin,-19.6833,63.4167,26.66,81,12,8.77,MU,1710266956
97,ola,59.5833,151.2833,-11.82,81,98,2.86,RU,1710266956
98,tual,-5.6667,132.75,28.34,80,95,8.01,ID,1710266957
99,mora,11.0461,14.1401,34.55,9,84,3.57,CM,1710266838
100,wynyard,-41.0,145.7167,14.24,86,80,5.52,AU,1710266958
101,invercargill,-46.4,168.35,10.01,77,16,1.79,NZ,1710266958
102,khalis,33.82,44.5264,15.72,28,0,1.82,IQ,1710266958
103,kontcha,7.9667,12.2333,33.27,12,84,1.57,CM,1710266959
104,lihue,21.9789,-159.3672,22.98,84,75,5.66,US,1710266959
105,talnakh,69.4865,88.3972,-23.22,98,100,6.22,RU,1710266960
106,tank,32.2217,70.3793,21.66,32,83,1.65,PK,1710266960
107,iskateley,67.6803,53.1512,-2.21,95,100,10.28,RU,1710266961
108,kapuskasing,49.4169,-82.4331,2.3,88,91,2.23,CA,1710266961
109,hinthada,17.6333,95.4667,19.64,70,3,3.97,MM,1710266962
110,nova sintra,14.8667,-24.7167,19.75,76,55,6.07,CV,1710266962
111,bandarbeyla,9.4942,50.8122,27.05,76,4,5.07,SO,1710266963
112,constantia,44.1833,28.65,8.38,95,100,6.01,RO,1710266963
113,pago pago,-14.2781,-170.7025,27.95,80,93,3.22,AS,1710266964
114,kolonia town,6.964,158.206,28.0,83,100,3.6,FM,1710266964
115,kirensk,57.7853,108.1119,-4.46,87,88,4.02,RU,1710266965
116,tiksi,71.6872,128.8694,-21.14,98,100,1.88,RU,1710266965
117,carnarvon,-24.8667,113.6333,25.74,77,56,7.69,AU,1710266967
118,shenandoah,30.4013,-91.0009,23.32,58,87,1.34,US,1710266968
119,hamilton,39.1834,-84.5333,19.35,36,75,4.12,US,1710266968
120,sos'va,59.1766,61.8558,-18.3,99,73,0.89,RU,1710266969
121,teguise,29.0605,-13.564,16.41,63,6,0.47,ES,1710266969
122,pangody,65.85,74.4859,-23.05,97,43,5.99,RU,1710266970
123,poronaysk,49.2167,143.1167,-19.33,93,6,1.81,RU,1710266970
124,gaiman,-43.2897,-65.4929,26.63,14,12,11.8,AR,1710266971
125,bel ombre,-4.6167,55.4167,28.44,75,58,3.22,SC,1710266971
126,dabakala,8.3667,-4.4333,35.91,35,64,1.99,CI,1710266972
127,st. john's,47.5649,-52.7093,3.83,91,100,0.45,CA,1710266972
128,bilibino,68.0546,166.4372,-28.73,98,95,1.67,RU,1710266973
129,recani,31.2846,-4.2688,22.39,18,100,4.28,MA,1710266973
130,portland,45.5234,-122.6762,9.99,87,75,5.14,US,1710266288
131,pochinok,54.4068,32.4407,-1.82,86,85,3.16,RU,1710266974
132,ribeira grande,38.5167,-28.7,16.22,82,40,7.2,PT,1710266974
133,san borja,-14.8167,-66.85,34.81,50,96,2.69,BO,1710266836
134,hermanus,-34.4187,19.2345,20.45,79,34,2.53,ZA,1710266981
135,badger,64.8,-147.5333,-21.47,75,75,1.54,US,1710266994
136,coracora,-15.0333,-73.7833,19.8,54,85,4.12,PE,1710266994
137,kananga,-5.8958,22.4178,24.61,80,68,1.63,CD,1710266995
138,el calafate,-50.3408,-72.2768,11.59,46,75,5.28,AR,1710266995
139,bowen,-20.0167,148.2333,22.71,88,9,4.5,AU,1710266995
140,inari,68.906,27.0288,-4.46,82,100,3.8,FI,1710266996
141,viriat,46.2548,5.2157,10.93,82,98,0.45,FR,1710266997
142,port lincoln,-34.7333,135.8667,19.23,85,100,6.81,AU,1710266997
143,opuwo,-18.0607,13.84,25.51,52,51,7.78,NA,1710266997
144,namdrik,5.5994,168.1028,27.79,85,100,10.86,MH,1710266998
145,mount gambier,-37.8333,140.7667,14.69,83,100,2.44,AU,1710267002
146,usilampatti,9.9667,77.8,25.94,52,0,0.61,IN,1710267004
147,marka,1.7159,44.7717,27.83,71,3,6.69,SO,1710267005
148,kirkwood,38.5834,-90.4068,22.54,39,20,4.12,US,1710267005
149,coquimbo,-29.9533,-71.3436,22.17,58,0,4.62,CL,1710266806
150,shubarkuduk,49.1447,56.4872,-14.84,100,79,1.18,KZ,1710267006
151,hithadhoo,-0.6,73.0833,28.68,64,64,1.93,MV,1710267007
152,sikonge,-5.6333,32.7667,23.36,67,45,1.67,TZ,1710267007
153,bredasdorp,-34.5322,20.0403,20.09,71,35,3.52,ZA,1710267008
154,port hedland,-20.3167,118.5667,28.03,83,52,4.12,AU,1710267009
155,annau,37.8876,58.516,7.35,72,74,1.75,TM,1710267009
156,pimentel,-6.8367,-79.9342,30.16,54,0,5.66,PE,1710267010
157,vernon,50.2581,-119.2691,9.05,72,84,1.34,CA,1710266747
158,bonthe,7.5264,-12.505,28.39,67,100,5.54,SL,1710267011
159,alo,7.4178,6.7371,33.1,52,91,2.44,NG,1710267011
160,masuguru,-11.3667,38.4167,24.74,78,92,1.28,TZ,1710267012
161,porto novo,6.4965,2.6036,28.94,78,98,4.72,BJ,1710267012
162,haiku-pauwela,20.9219,-156.3051,23.91,83,20,2.24,US,1710267013
163,vila franca do campo,37.7167,-25.4333,18.27,99,46,5.3,PT,1710267013
164,namibe,-15.1961,12.1522,25.77,80,57,5.37,AO,1710267013
165,mwinilunga,-11.7358,24.4293,18.5,96,92,1.46,ZM,1710267014
166,north platte,41.1239,-100.7654,14.51,40,0,1.79,US,1710266797
167,yantzaza,-3.8278,-78.7594,28.67,54,71,1.76,EC,1710267015
168,baragua,21.6967,-78.6328,30.56,50,34,5.56,CU,1710267016
169,chonchi,-42.6128,-73.8092,15.56,58,62,3.51,CL,1710267016
170,kourou,5.1552,-52.6478,28.12,80,91,4.38,GF,1710267017
171,ploudalmezeau,48.5333,-4.65,12.14,100,100,7.2,FR,1710267017
172,dehdasht,30.7949,50.5646,13.53,62,0,0.56,IR,1710267017
173,buka,40.8108,69.1986,5.28,93,100,3.61,UZ,1710267018
174,saldanha,-33.0117,17.9442,18.6,85,8,8.64,ZA,1710266948
175,keflavik,64.0049,-22.5624,4.24,87,75,4.63,IS,1710267019
176,strezhevoy,60.7333,77.5889,-18.77,99,97,2.72,RU,1710267020
177,tralee,52.2704,-9.7026,13.14,88,75,7.72,IE,1710267020
178,wagar,16.1525,36.2032,31.64,23,59,9.09,SD,1710267021
179,lompoc,34.6391,-120.4579,17.66,66,100,3.13,US,1710267022
180,prieska,-29.6641,22.7474,30.35,15,40,4.66,ZA,1710267022
181,bengkulu,-3.8004,102.2655,24.63,87,100,2.7,ID,1710267023
182,lerwick,60.1545,-1.1494,6.0,95,100,8.63,GB,1710267023
183,cabo san lucas,22.8909,-109.9124,28.67,63,75,4.12,MX,1710267024
184,niquelandia,-14.4739,-48.4597,32.3,49,77,1.21,BR,1710267024
185,nacala,-14.5428,40.6728,26.43,85,100,2.18,MZ,1710267025
186,the pas,53.8251,-101.2541,-1.36,77,69,2.96,CA,1710267025
187,labrador city,52.9463,-66.9114,0.1,62,100,2.24,CA,1710267026
188,ulsteinvik,62.3432,5.8487,6.53,70,100,0.45,NO,1710267027
189,touros,-5.1989,-35.4608,30.49,65,70,3.96,BR,1710267027
190,yuzhno-kurilsk,44.0306,145.8556,-0.35,65,100,6.5,RU,1710267028
191,brookings,44.3114,-96.7984,16.36,34,0,2.57,US,1710267028
192,bokoro,12.3807,17.0568,34.93,9,84,4.19,TD,1710267029
193,zyryanskoye,56.8306,86.6258,-15.1,98,100,0.32,RU,1710267029
194,ghat,24.9647,10.1728,24.49,13,17,3.95,LY,1710267030
195,selkirk,50.1436,-96.8845,2.24,96,100,2.68,CA,1710267031
196,ylitornio,66.3089,23.6773,-5.05,91,100,0.73,FI,1710267031
197,kimbe,-5.5502,150.1429,24.59,98,100,1.26,PG,1710267032
198,neya,58.2972,43.8681,-3.85,96,100,1.23,RU,1710267032
199,mount isa,-20.7333,139.5,25.52,43,0,3.8,AU,1710267033
200,puerto ayora,-0.7393,-90.3518,29.19,87,98,2.24,EC,1710267034
201,taltal,-25.4,-70.4833,22.71,68,5,4.19,CL,1710267021
202,kavaratti,10.5669,72.642,28.17,71,12,3.9,IN,1710267034
203,kununurra,-15.7667,128.7333,25.99,94,100,1.54,AU,1710267035
204,turkmenbasy,40.0222,52.9552,6.55,44,5,1.86,TM,1710267036
205,san felipe,10.3399,-68.7425,33.13,47,86,2.87,VE,1710267037
206,kodiak,57.79,-152.4072,-3.27,54,100,2.57,US,1710267037
207,argo,37.6333,22.7333,11.55,65,6,2.95,GR,1710267037
208,laguna,38.421,-121.4238,13.08,82,100,6.69,US,1710266964
209,ad dabbah,18.05,30.95,34.65,10,85,2.25,SD,1710267038
210,longyearbyen,78.2186,15.6401,-11.09,73,75,7.72,SJ,1710267025
211,polyarnyy,69.1989,33.4478,-4.71,78,100,7.07,RU,1710267039
212,holualoa,19.6228,-155.9522,23.21,79,75,3.6,US,1710267040
213,marica,-22.9194,-42.8186,25.95,73,29,4.3,BR,1710267040
214,suwayr,30.1171,40.3893,18.52,25,0,5.09,SA,1710267040
215,ancud,-41.8697,-73.8203,14.13,77,84,5.31,CL,1710266997
216,beledweyne,4.7358,45.2036,29.0,63,13,7.2,SO,1710267041
217,port shepstone,-30.7414,30.455,26.26,86,100,11.49,ZA,1710267041
218,viedma,-40.8135,-62.9967,28.87,22,0,9.02,AR,1710267042
219,dois corregos,-22.3661,-48.3803,32.54,40,28,3.62,BR,1710267042
220,beboto,8.2668,16.939,33.89,15,89,2.26,TD,1710267043
221,tvoroyri,61.5556,-6.8111,6.61,87,100,6.0,FO,1710267043
222,tyukhtet,56.5389,89.3011,-10.67,96,100,1.21,RU,1710267044
223,vila velha,-20.3297,-40.2925,28.3,69,75,5.14,BR,1710267045
224,lodja,-3.4833,23.4333,26.63,70,60,1.58,CD,1710267046
225,yichang,30.7144,111.2847,15.91,43,100,0.45,CN,1710267046
226,masterton,-40.9597,175.6575,16.05,95,100,1.73,NZ,1710267047
227,selfoss,63.9331,-20.9971,4.47,87,100,4.6,IS,1710267048
228,schesslitz,49.9767,11.0339,8.12,89,78,1.97,DE,1710267048
229,lavelanet,42.9313,1.8466,10.81,92,28,1.2,FR,1710267048
230,whitehorse,60.7161,-135.0538,-8.28,62,99,0.45,CA,1710266947
231,georgetown,5.4112,100.3354,27.96,69,20,0.51,MY,1710267050
232,manokwari,-0.8667,134.0833,25.55,84,100,1.71,ID,1710267050
233,punahana,27.8667,77.2,20.59,32,0,3.09,IN,1710266880
234,roma,43.2128,-75.4557,12.07,40,0,6.69,US,1710267051
235,tlahualilo de zaragoza,26.1167,-103.45,24.8,27,96,0.94,MX,1710267052
236,goole,53.7167,-0.8667,13.17,85,100,3.74,GB,1710267052
237,paragominas,-2.9667,-47.4833,27.46,84,83,2.17,BR,1710267053
238,aykhal,66.0,111.5,-30.57,100,98,0.65,RU,1710266788
239,cadale,2.7603,46.3222,28.55,80,23,6.35,SO,1710267053
240,igarka,67.4667,86.5833,-25.83,100,99,4.05,RU,1710267054
241,molteno,-31.3968,26.3625,21.0,60,85,5.89,ZA,1710267054
242,afaahiti,-17.75,-149.2833,26.93,84,100,6.24,PF,1710267030
243,mthatha,-31.5889,28.7844,19.53,90,90,1.35,ZA,1710267055
244,cill airne,52.05,-9.5167,13.03,88,75,7.72,IE,1710267056
245,tampa,27.9475,-82.4584,27.23,56,0,2.57,US,1710266783
246,raojan,22.537,91.9198,19.18,80,0,1.96,BD,1710267057
247,tyup,42.7276,78.3648,-1.61,64,48,2.61,KG,1710267058
248,bethanie,-26.4833,17.15,30.58,14,29,6.11,NA,1710267058
249,branson,36.6437,-93.2185,22.96,41,0,6.69,US,1710267059
250,taroa,8.7058,171.2275,26.75,86,100,11.22,MH,1710267059
251,kalmar,56.6616,16.3616,2.76,98,100,2.57,SE,1710266906
252,malvan,16.0667,73.4667,25.34,76,1,3.98,IN,1710267061
253,alice springs,-23.7,133.8833,25.75,41,58,3.09,AU,1710267062
254,hopa,41.406,41.4379,10.46,58,45,4.48,TR,1710267062
255,baiyin,36.5583,104.2081,4.32,35,100,1.19,CN,1710267063
256,bajil,15.0584,43.2851,30.9,54,53,1.61,YE,1710267064
257,marang,5.2056,103.2059,25.36,78,70,1.23,MY,1710267064
258,sabha,27.0377,14.4283,24.2,12,5,4.19,LY,1710267064
259,cidreira,-30.1811,-50.2056,25.01,71,38,6.44,BR,1710267065
260,creston,41.0586,-94.3614,16.98,48,0,2.57,US,1710267065
261,diamantino,-14.4086,-56.4461,34.62,47,67,1.92,BR,1710267066
262,laojunmiao,39.8333,97.7333,1.08,36,1,3.06,CN,1710267066
263,uturoa,-16.7333,-151.4333,28.83,75,73,4.08,PF,1710267067
264,nueva helvecia,-34.3,-57.2333,29.9,53,100,3.43,UY,1710267067
265,khovd,48.0056,91.6419,-1.03,47,82,1.3,MN,1710267067
266,udachny,66.4167,112.4,-33.75,100,86,1.47,RU,1710267068
267,akureyri,65.6835,-18.0878,1.96,87,75,1.54,IS,1710267068
268,stanley,54.868,-1.6985,9.77,86,75,3.6,GB,1710267069
269,kutum,14.2,24.6667,29.09,10,60,3.7,SD,1710267069
270,palmer,42.1584,-72.3287,13.81,32,20,9.26,US,1710266787
271,college,64.8569,-147.8028,-21.42,65,75,1.54,US,1710267070
272,westport,41.1415,-73.3579,17.16,35,0,5.66,US,1710266989
273,manali,13.1667,80.2667,28.05,76,4,5.2,IN,1710267072
274,howard springs,-12.497,131.047,25.95,96,100,1.9,AU,1710267072
275,boda,4.3189,17.4695,32.31,26,42,0.71,CF,1710267073
276,itaparica,-12.8883,-38.6786,30.11,69,97,5.29,BR,1710267073
277,antofagasta,-23.65,-70.4,23.25,67,32,5.1,CL,1710266960
278,itabera,-23.8619,-49.1372,31.3,27,5,0.65,BR,1710267074
279,luau,-10.7073,22.2247,19.07,89,98,1.53,AO,1710267075
280,seabra,-12.4186,-41.7703,32.41,37,85,3.55,BR,1710267075
281,intendente alvear,-35.2338,-63.592,25.38,89,84,7.23,AR,1710267076
282,koath,25.3167,84.2667,21.95,27,0,2.79,IN,1710267076
283,kilju,40.9642,129.3278,0.19,56,4,2.05,KP,1710267077
284,dubbo,-32.25,148.6167,19.07,63,97,3.09,AU,1710267002
285,bile,48.4952,39.0505,0.76,48,85,2.61,UA,1710267078
286,dunedin,-45.8742,170.5036,10.45,70,67,3.58,NZ,1710267078
287,piui,-20.4653,-45.9581,30.56,50,18,1.4,BR,1710267079
288,kattivakkam,13.2167,80.3167,28.05,76,4,5.35,IN,1710267079
289,pocoes,-14.5297,-40.3653,28.48,60,95,3.31,BR,1710267080
290,novyy turtkul',41.55,61.0167,4.9,39,39,2.93,UZ,1710267081
291,ivanivka,46.7208,34.553,3.96,54,100,6.21,UA,1710267082
292,amga,60.8953,131.9608,-13.98,97,100,1.17,RU,1710267082
293,ampanihy,-24.7,44.75,29.29,56,100,1.94,MG,1710267083
294,zaragoza,41.6561,-0.8773,16.68,46,0,3.6,ES,1710267084
295,dali,25.7,100.1833,9.19,59,8,2.52,CN,1710267085
296,kerikeri,-35.2268,173.9474,18.84,92,90,1.29,NZ,1710267085
297,vilyuchinsk,52.9306,158.4028,-14.48,84,46,4.62,RU,1710267086
298,homer,59.6425,-151.5483,-1.07,92,100,0.45,US,1710267086
299,northam,51.0333,-4.2167,12.44,98,100,8.29,GB,1710267088
300,laredo,27.5064,-99.5075,24.16,64,100,5.66,US,1710267088
301,choyr,46.3611,108.3611,-12.8,89,4,1.93,MN,1710267089
302,rio preto da eva,-2.6994,-59.6997,30.28,78,58,1.9,BR,1710266833
303,la'ie,21.6477,-157.9253,23.98,81,56,4.47,US,1710267100
304,mugia,43.1041,-9.2179,14.95,82,84,4.17,ES,1710267101
305,pisco,-13.7,-76.2167,28.03,57,0,9.77,PE,1710266766
306,wicklow,53.0,-6.4167,12.41,86,100,4.03,IE,1710267102
307,jabor,5.921,169.6434,27.91,85,100,11.06,MH,1710267112
308,ingeniero jacobacci,-41.3427,-69.5448,20.34,21,15,12.62,AR,1710267113
309,kukawa,12.9234,13.5606,30.2,16,100,2.24,NG,1710267114
310,heihe,50.2441,127.4902,-10.31,98,99,0.75,CN,1710267114
311,nikolayevsk-on-amure,53.1406,140.73,-20.22,99,89,0.73,RU,1710267115
312,saint-philippe,-21.3585,55.7679,25.77,80,37,5.94,RE,1710267116
313,prince rupert,54.3161,-130.3201,5.37,80,93,2.37,CA,1710266856
314,neelankarai,12.9455,80.2575,28.03,78,20,2.06,IN,1710267117
315,ta`u,-14.2336,-169.5144,28.73,77,73,4.48,AS,1710267118
316,myskhako,44.6714,37.7433,9.21,63,73,3.47,RU,1710267118
317,kalemie,-5.9475,29.1947,23.61,81,40,0.44,CD,1710267119
318,bechar,31.6167,-2.2167,21.22,21,83,3.51,DZ,1710267120
319,tannum sands,-23.9504,151.3693,23.94,73,63,3.6,AU,1710267121
320,wewak,-3.5534,143.6268,25.39,93,100,6.67,PG,1710267121
321,remire-montjoly,4.9167,-52.2667,27.33,82,100,5.36,GF,1710267122
322,praia da vitoria,38.7333,-27.0667,18.2,85,58,4.07,PT,1710267122
323,port moresby,-9.4431,147.1797,25.13,87,100,6.18,PG,1710267123
324,bikenibeu village,1.3673,173.1241,25.98,94,40,4.12,KI,1710267123
325,rongelap,11.1635,166.8941,26.54,78,100,10.81,MH,1710267123
326,illizi,26.4833,8.4667,23.03,18,26,4.27,DZ,1710267124
327,tura,25.5198,90.2201,20.12,34,0,2.04,IN,1710267124
328,karimganj,24.8667,92.35,19.54,48,0,1.54,IN,1710267124
329,lebu,-37.6167,-73.65,16.75,82,60,3.48,CL,1710267125
330,ladario,-19.0047,-57.6017,36.05,44,60,1.28,BR,1710267125
331,port elizabeth,-33.918,25.5701,22.83,87,40,7.72,ZA,1710267126
332,puerto baquerizo moreno,-0.9,-89.6,27.53,76,75,2.19,EC,1710267127
333,verkhovazh'ye,60.7472,42.0465,-1.03,94,100,2.7,RU,1710267127
334,pangai,-19.8,-174.35,26.7,85,100,3.67,TO,1710267128
335,melo,-32.3667,-54.1833,37.87,17,15,5.1,UY,1710266886
336,ca mau,9.1769,105.15,26.42,77,100,3.4,VN,1710267129
337,ebon,4.582,168.6964,27.48,88,100,10.24,MH,1710267130
338,peterhead,57.5058,-1.7981,6.22,93,100,9.83,GB,1710267130
339,impfondo,1.6381,18.0667,30.17,44,49,1.26,CG,1710267131
340,qarqaraly,49.4058,75.4742,-8.26,97,100,1.99,KZ,1710267132
341,thunder bay,48.4001,-89.3168,9.4,52,100,1.06,CA,1710267106
342,louiseville,46.2559,-72.9415,5.81,44,40,1.03,CA,1710267134
343,koryazhma,61.3143,47.1691,-5.61,96,100,1.73,RU,1710267003
344,caleta de carquin,-11.0925,-77.6267,25.61,75,93,4.35,PE,1710267136
345,chernyshevskiy,63.0128,112.4714,-27.97,100,94,0.73,RU,1710267136
346,bubaque,11.2833,-15.8333,26.93,70,94,7.51,GW,1710267136
347,nema,57.5067,50.5011,-13.4,98,92,2.08,RU,1710267137
348,lesnoy,57.6198,63.0784,-17.89,98,72,0.69,RU,1710267137
349,nadi,-17.8,177.4167,25.25,93,100,2.2,FJ,1710267098
350,harunabad,29.6133,73.1389,20.32,27,0,1.75,PK,1710267138
351,minab,27.1467,57.0801,22.13,71,0,1.34,IR,1710267139
352,horsens,55.8607,9.8503,5.37,94,100,2.3,DK,1710267139
353,independence,39.0911,-94.4155,21.69,46,0,6.17,US,1710267140
354,huntsville,34.7304,-86.5861,21.2,27,0,4.63,US,1710266963
355,horodyshche,49.2849,31.4451,3.95,59,100,4.13,UA,1710267142
356,svirsk,53.0858,103.3325,-12.56,99,53,0.91,RU,1710267142
357,talant,47.3369,5.0089,8.34,87,100,2.06,FR,1710266969
358,puerto princesa,9.7392,118.7353,24.39,90,85,1.84,PH,1710267143
359,monchegorsk,67.9397,32.8739,-4.49,95,100,3.19,RU,1710267144
360,valdovino,43.6094,-8.1115,13.82,81,99,2.04,ES,1710267145
361,cova figueira,14.8905,-24.2934,21.43,72,70,8.31,CV,1710267146
362,shimanovsk,52.0,127.7,-10.7,98,99,1.86,RU,1710267146
363,gebeit,21.0667,36.3167,25.14,46,36,2.63,SD,1710267147
364,tarazona,41.9,-1.7333,12.9,59,23,2.63,ES,1710267148
365,nimaparha,20.0667,86.0167,27.22,87,5,5.49,IN,1710267148
366,sao jose da coroa grande,-8.8978,-35.1478,29.74,68,100,3.95,BR,1710267149
367,obock,12.25,43.0833,22.83,75,27,4.28,DJ,1710267149
368,tambacounda,13.7539,-13.7586,40.63,9,98,3.15,SN,1710267150
369,kushiro,42.975,144.3747,-1.72,73,100,10.06,JP,1710267140
370,baise city,23.8997,106.6133,21.86,99,59,3.14,CN,1710267151
371,al mindak,20.1588,41.2834,20.78,53,32,1.08,SA,1710267151
372,susuman,62.7833,148.1667,-30.01,100,100,0.45,RU,1710267152
373,cooma,-36.2333,149.1333,18.8,68,100,1.28,AU,1710267152
374,weno,7.4515,151.8468,27.8,71,99,6.31,FM,1710267153
375,lubang,13.8584,120.124,26.1,83,100,7.38,PH,1710267153
376,verkhnevilyuysk,63.4453,120.3167,-18.75,99,96,1.94,RU,1710267142
377,fale old settlement,-9.3852,-171.2468,29.42,72,48,5.42,TK,1710267154
378,dhing,26.4667,92.4667,22.39,28,0,1.35,IN,1710267155
379,kailua-kona,19.6406,-155.9956,26.39,79,75,3.6,US,1710267156
380,kapa'a,22.0752,-159.319,23.39,84,75,5.66,US,1710267156
381,raja,8.4596,25.678,32.27,19,86,1.23,SS,1710267157
382,greymouth,-42.4667,171.2,14.17,97,100,1.84,NZ,1710267157
383,choibalsan,48.0667,114.5,-10.4,84,7,3.76,MN,1710267157
384,togur,58.3631,82.8265,-11.26,98,99,1.77,RU,1710267158
385,celestun,20.8667,-90.4,29.16,61,11,3.08,MX,1710267158
386,khairagarh,26.95,77.8167,22.42,26,0,3.77,IN,1710267159
387,parauapebas,-6.0675,-49.9022,31.99,61,40,1.54,BR,1710267159
388,egilsstadir,65.2653,-14.3948,3.95,75,100,5.14,IS,1710267160
389,ostersund,63.1792,14.6357,-2.75,63,0,0.51,SE,1710267161
390,tommot,58.9564,126.2925,-12.23,98,90,2.05,RU,1710267161
391,graaff-reinet,-32.2522,24.5308,20.5,61,15,5.44,ZA,1710267162
392,zouerate,22.7187,-12.4521,28.58,16,13,2.9,MR,1710267162
393,prineville,44.2999,-120.8345,8.4,70,100,4.12,US,1710267163
394,fortuna,40.5982,-124.1573,12.03,92,100,0.89,US,1710266927
395,sona,45.4388,10.8255,13.51,59,0,2.06,IT,1710267164
396,santa terezinha,-29.9002,-50.0904,24.91,74,12,6.16,BR,1710267165
397,anaconda,46.1285,-112.9423,4.45,59,75,3.51,US,1710267038
398,motueka,-41.1333,173.0167,16.17,82,100,2.44,NZ,1710267166
399,klaksvik,62.2266,-6.589,6.51,90,100,8.8,FO,1710267166
400,taoudenni,22.6783,-3.9836,31.31,11,91,2.74,ML,1710267166
401,manado,1.487,124.8455,25.43,94,20,1.03,ID,1710267167
402,bankim,6.083,11.4905,31.76,28,100,1.36,CM,1710267167
403,pushkinskiye gory,57.0209,28.9103,-0.18,63,100,2.72,RU,1710267167
404,vung tau,10.346,107.0843,26.91,77,100,10.83,VN,1710267168
405,sinabang,2.4803,96.3801,26.86,74,48,0.55,ID,1710267169
406,mahina,-17.5065,-149.489,27.87,78,0,3.6,PF,1710267169
407,lupane,-18.9315,27.807,25.48,45,54,2.96,ZW,1710267169
408,kota kinabalu,5.9749,116.0724,24.99,88,20,1.03,MY,1710267170
409,isafjordur,66.0755,-23.124,2.23,93,99,4.11,IS,1710267170
410,victoria point,-27.5833,153.3,22.86,86,54,5.56,AU,1710267171
411,bathsheba,13.2167,-59.5167,29.34,74,20,7.72,BB,1710267172
412,karratha,-20.7377,116.8463,27.29,68,25,4.9,AU,1710267172
413,zalingei,12.9096,23.4741,31.38,9,41,3.71,SD,1710267173
414,puerto lleras,3.0223,-73.4044,34.14,50,88,0.27,CO,1710267173
415,khandyga,62.6667,135.6,-25.67,96,88,1.6,RU,1710267174
416,nanzhou,29.3596,112.4024,15.27,68,100,1.33,CN,1710267175
417,sao felix do xingu,-6.6447,-51.995,32.03,57,49,1.2,BR,1710267175
418,tatsinskiy,48.1968,41.2756,-2.13,70,10,1.42,RU,1710267176
419,narvik,68.4384,17.4272,1.56,81,83,2.27,NO,1710267176
420,mount pleasant,32.7941,-79.8626,22.32,39,0,6.17,US,1710267058
421,valera,9.3178,-70.6036,32.46,54,85,2.42,VE,1710267177
422,vilyuysk,63.7553,121.6247,-18.89,100,89,1.79,RU,1710267178
423,port hueneme,34.1478,-119.1951,19.14,74,40,3.6,US,1710267031
424,darhan,49.4867,105.9228,-14.32,96,9,1.34,MN,1710267179
425,manakara,-22.1333,48.0167,24.73,92,8,2.66,MG,1710267179
426,horta,38.5333,-28.6333,15.8,90,40,7.2,PT,1710267180
427,atafu village,-8.5421,-172.5159,29.57,74,72,5.03,TK,1710267180
428,kaohsiung,22.6163,120.3133,21.13,79,1,1.75,TW,1710267181
429,chachapoyas,-6.2317,-77.869,20.45,68,100,1.74,PE,1710267181
430,dushanbe,38.5577,68.7797,6.9,100,100,6.0,TJ,1710267181
431,broken hill,-31.95,141.4333,26.62,27,98,3.19,AU,1710267182
432,ati,13.2154,18.3353,32.83,9,86,4.82,TD,1710267182
433,baikunthpur,23.25,82.55,22.28,28,4,2.22,IN,1710267183
434,itoman,26.1247,127.6694,17.21,51,20,11.83,JP,1710267184
435,yallahs,17.8748,-76.5624,33.74,56,7,5.86,JM,1710267184
436,himimachi,36.85,136.9833,5.66,96,97,4.78,JP,1710267185
437,prince george,53.9166,-122.753,6.27,66,20,2.57,CA,1710267185
438,varna,43.2167,27.9167,9.08,87,100,1.54,BG,1710267185
439,nova vicosa,-17.8919,-39.3719,28.09,76,53,4.88,BR,1710267186
440,slobodskoy,58.7322,50.1772,-9.08,98,100,1.33,RU,1710267186
441,kone,-21.0595,164.8658,25.11,92,93,1.89,NC,1710267186
442,salekhard,66.53,66.6019,-13.55,86,100,8.35,RU,1710267187
443,erenhot,43.6475,111.9767,-0.05,34,2,2.5,CN,1710266946
444,scarborough,54.2797,-0.4044,11.76,91,100,3.58,GB,1710267177
445,saint-leu,-21.15,55.2833,25.48,78,17,3.24,RE,1710267188
446,quatre cocos,-20.2078,57.7625,25.61,74,93,6.89,MU,1710267189
447,jiujiang,29.7333,115.9833,13.68,61,100,4.79,CN,1710267189
448,kill devil hills,36.0307,-75.676,21.0,26,0,3.6,US,1710267190
449,kristiansund,63.1115,7.732,4.36,60,0,3.09,NO,1710267190
450,al qubbah,32.7616,22.2424,11.08,75,93,5.4,LY,1710267190
451,takoradi,4.8845,-1.7554,29.36,76,75,6.74,GH,1710267191
452,castillos,-34.1667,-53.8333,29.86,37,100,5.38,UY,1710267192
453,lata,40.1629,-8.3327,14.9,74,96,0.56,PT,1710267192
454,dalhart,36.0595,-102.5133,21.01,14,0,5.66,US,1710266965
455,zhosaly,45.4878,64.0781,-0.77,58,11,5.47,KZ,1710267194
456,sungai penuh,-2.0833,101.3833,17.2,89,97,1.3,ID,1710267194
457,nabire,-3.3667,135.4833,24.45,91,100,1.18,ID,1710267194
458,ginir,7.1333,40.7,19.32,45,14,1.32,ET,1710267195
459,dumpay,15.8807,120.389,23.95,82,99,1.4,PH,1710267195
460,prado,-17.3411,-39.2208,27.39,84,94,3.4,BR,1710267196
461,mount pearl,47.5166,-52.7813,4.19,86,75,1.54,CA,1710267196
462,tazovsky,67.4667,78.7,-21.65,92,90,7.54,RU,1710267196
463,soma,39.1855,27.6094,11.91,89,65,3.54,TR,1710267197
464,iron mountain,45.8202,-88.066,17.9,33,0,5.14,US,1710267069
465,kingston,17.997,-76.7936,33.42,54,2,1.26,JM,1710267198
466,irkutsk,52.2978,104.2964,-3.73,80,0,1.0,RU,1710267126
467,beidao,34.5686,105.8933,8.3,73,100,1.32,CN,1710267199
468,sussex,41.1834,-74.6663,17.08,38,0,4.63,US,1710267199
469,ob',54.9872,82.7166,-7.01,93,100,2.0,RU,1710267200
470,el porvenir,13.7617,-87.3458,31.63,18,10,2.7,HN,1710267200
471,adrar,20.5022,-10.0711,29.39,9,69,3.35,MR,1710267201
472,guerrero negro,27.9769,-114.0611,17.68,63,0,8.36,MX,1710266988
473,minas de marcona,-15.2119,-75.1103,22.62,65,54,7.05,PE,1710267202
474,tete,-16.1564,33.5867,28.72,65,99,1.78,MZ,1710267202
475,young,-32.6833,-57.6333,37.06,32,0,6.86,UY,1710267203
476,san matias,-16.3667,-58.4,37.57,36,49,2.51,BO,1710267203
477,khor,47.8861,134.9464,-21.03,99,41,0.99,RU,1710267204
478,sitka,57.0531,-135.33,6.94,61,75,8.75,US,1710267204
479,villa regina,-39.1,-67.0667,30.55,15,0,1.79,AR,1710267202
480,heyuan,23.7333,114.6833,15.33,66,5,0.73,CN,1710267205
481,wenchang,30.904,118.4887,8.38,76,91,3.24,CN,1710267206
482,cockburn town,21.4612,-71.1419,24.79,77,66,6.72,TC,1710267206
483,tangara,-6.1994,-35.8017,30.47,63,81,2.61,BR,1710267207
484,south weber,41.1324,-111.9302,8.86,73,100,5.14,US,1710267207
485,kodinsk,58.6881,99.1844,-17.49,100,71,1.32,RU,1710267207
486,luderitz,-26.6481,15.1594,21.33,61,25,8.63,NA,1710267208
487,bamboo flat,11.7,92.7167,25.05,88,7,0.51,IN,1710267208
488,lethem,3.3803,-59.7968,36.1,34,74,1.71,GY,1710267209
489,shitanjing,39.2342,106.3439,2.78,22,100,2.17,CN,1710267209
490,cururupu,-1.8283,-44.8683,30.88,63,100,2.81,BR,1710267200
491,enewetak,11.3474,162.3373,26.55,78,100,10.64,MH,1710267210
492,ankang,32.68,109.0172,13.24,50,100,1.15,CN,1710267210
493,singaraja,-8.112,115.0882,27.27,87,100,6.44,ID,1710267211
494,bayganin,48.6947,55.8742,-11.49,97,68,1.68,KZ,1710267211
495,nuuk,64.1835,-51.7216,-3.66,100,100,3.09,GL,1710267212
496,mahalapye,-23.1041,26.8142,27.33,24,0,3.27,BW,1710267213
497,key west,24.5557,-81.7826,28.0,63,40,7.2,US,1710267214
498,tilaran,10.4703,-84.9671,27.72,90,95,8.54,CR,1710267214
499,effingham,32.3669,-81.3332,22.72,32,14,2.72,US,1710267215
500,qamdo,31.1667,97.2333,-0.83,45,100,1.77,CN,1710267215
501,lhokseumawe,5.1801,97.1507,25.32,80,55,2.0,ID,1710267215
502,alesund,62.4723,6.1549,5.97,68,75,3.6,NO,1710267216
503,lunca,43.8333,24.7667,11.01,78,50,3.29,RO,1710267216
504,las terrenas,19.311,-69.5428,28.57,56,10,3.78,DO,1710267216
505,varnamo,57.186,14.04,4.04,84,100,1.53,SE,1710267217
506,gadzhiyevo,69.2551,33.3362,-4.53,76,100,7.45,RU,1710267217
507,pitea,65.3172,21.4794,-6.95,98,82,0.93,SE,1710267218
508,mar del plata,-38.0023,-57.5575,21.4,92,75,6.17,AR,1710266824
509,fort st. john,56.2499,-120.8529,-0.19,85,100,0.59,CA,1710267219
510,at taj,24.2049,23.2857,23.73,11,0,4.3,LY,1710267219
511,sierra grande,-41.606,-65.3557,28.19,10,0,9.77,AR,1710267220
512,qutqashen,40.9814,47.8458,1.11,70,73,1.79,AZ,1710267220
513,nova borova,50.693,28.6345,0.44,98,100,6.49,UA,1710267220
514,ariquemes,-9.9133,-63.0408,33.57,54,95,1.72,BR,1710267221
515,port blair,11.6667,92.75,25.02,88,7,0.51,IN,1710267221
516,kumagunnam,13.1551,10.6342,34.04,9,57,4.83,NG,1710267222
517,ulladulla,-35.35,150.4667,20.97,85,86,3.04,AU,1710267222
518,tamanrasset,22.785,5.5228,24.8,14,88,4.71,DZ,1710267223
519,hengchun,22.0042,120.7439,20.08,57,7,11.84,TW,1710267223
520,walker,30.7335,-95.5669,23.53,64,20,5.66,US,1710267223
521,san antonio de pale,-1.4014,5.6325,28.93,79,100,4.04,GQ,1710267224
522,merizo village,13.2658,144.6691,26.1,88,100,6.27,GU,1710267225
523,sao tome,0.3365,6.7273,29.06,79,100,3.32,ST,1710267225
524,makarov,48.6333,142.8,-16.05,91,3,2.51,RU,1710267148
525,bitkine,11.9801,18.2138,33.94,10,50,4.13,TD,1710267015
526,fomboni,-12.28,43.7425,29.41,72,35,3.7,KM,1710267226
527,meadow lakes,61.6247,-149.6011,0.93,41,0,5.14,US,1710267226
528,markaz-e hukumat-e darweshan,31.1323,64.1934,15.01,66,54,1.52,AF,1710267227
529,anastacio,-20.4836,-55.8069,38.7,32,91,4.71,BR,1710267227
530,oliver,49.1831,-119.5524,7.75,77,94,3.74,CA,1710266928
531,banff,51.1762,-115.5698,5.57,45,80,2.57,CA,1710267228
532,colonia,50.9333,6.95,9.92,78,75,3.6,DE,1710267169
533,flying fish cove,-10.4217,105.6791,25.82,88,100,5.14,CX,1710267229
534,bowling green,36.9903,-86.4436,18.97,47,5,4.29,US,1710267229
535,labasa,-16.4167,179.3833,25.56,91,97,1.2,FJ,1710267230
536,prairie du chien,43.0517,-91.1412,19.25,34,0,4.12,US,1710267230
537,isabela,6.7085,121.9711,26.06,86,54,1.54,PH,1710267231
538,south bend,41.6834,-86.25,19.21,46,0,6.69,US,1710267231
539,shingu,33.7333,135.9833,6.58,65,3,5.09,JP,1710267232
540,sonoita,31.85,-112.8333,20.55,25,5,4.15,MX,1710267233
541,ebish,37.4639,41.1906,8.66,59,68,1.49,TR,1710267233
542,kenai,60.5544,-151.2583,-3.95,100,0,0.0,US,1710267233
543,hilo,19.7297,-155.09,23.12,90,40,3.09,US,1710267234
544,lugovoy,42.9472,72.7644,2.76,99,100,3.23,KZ,1710267234
545,kalat,29.0225,66.5916,7.27,80,89,4.63,PK,1710267235
546,lukhovka,54.1484,45.2573,-10.09,98,71,2.24,RU,1710267236
547,flin flon,54.7682,-101.865,-3.09,74,20,3.6,CA,1710267236
548,ust'-ilimsk,58.0006,102.6619,-6.54,93,100,4.47,RU,1710266967
549,sorab,14.3833,75.1,24.21,67,80,3.08,IN,1710267237
550,eureka,40.8021,-124.1637,12.18,87,87,5.81,US,1710266975
551,alofi,-19.0595,-169.9187,27.38,88,80,11.27,NU,1710267237
552,hotan,37.0997,79.9269,9.18,28,13,4.29,CN,1710267238
553,jayapura,-2.5333,140.7,24.66,91,100,2.53,ID,1710267238
554,matoury,4.8483,-52.3317,26.95,84,100,3.89,GF,1710266963
555,canutama,-6.5339,-64.3831,34.02,55,95,0.89,BR,1710267239
556,uruguaiana,-29.7547,-57.0883,36.89,37,0,5.45,BR,1710266989
557,plavsk,53.7094,37.2919,-2.59,88,100,1.83,RU,1710267239
558,taksimo,56.3444,114.8794,-12.19,86,53,0.57,RU,1710267240
559,yurty,56.0498,97.6348,-11.73,97,85,1.03,RU,1710267240
560,lazaro cardenas,17.9583,-102.2,30.23,40,17,4.37,MX,1710267240
